pollster,date,sample,Arthaud,Poutou,Roussel,Melenchon,Hidalgo,Jadot,Macron,Pecresse,Lassalle,Dupont-Aignan,Le Pen,Zemmour
Ipsos,2022-4-8,7321,0.5,1,3,17.5,2,5,26.5,8.5,2,2.5,22.5,9
Ipsos,2022-4-7,1716,0.5,1,3.5,16.5,2,5.5,26.5,8.5,2.5,2,23,8.5
Ipsos,2022-4-5,1719,0.5,1,3.5,16.5,2,5.5,27,8,3,2.5,20.5,10
Ipsos,2022-4-4,12600,0.5,1,3.5,16,2,6,26.5,8.5,2.5,2,21.5,10
Ipsos,2022-4-2,1963,0.5,1.5,3,15.5,2,6,26,9.5,2.5,1.5,21,11
Ipsos,2022-3-30,2000,0.5,1,3,15.5,2,6,27.5,9,2,2.5,20,11
Ipsos,2022-3-26,1726,0.5,1,3.5,14.5,2.5,6,28.5,10,2.5,2.5,17.5,11
Ipsos,2022-3-24,13269,0.5,1.5,3.5,14,2,7,28,10,2.5,2,17.5,11.5
Ipsos,2022-3-23,1721,1,1,4,12.5,2,7,29.5,9.5,2.5,1.5,18.5,11
Ipsos,2022-3-19,1723,0.5,1,3.5,13,3,6,30.5,10,3,2,16.5,11
Ipsos,2022-3-16,1651,0.5,1.5,4,11,2.5,6.5,31,10.5,2.5,2,16,12
Ipsos,2022-3-14,8790,0.5,1.5,4,12,2.5,7,29,10.5,2,2,16,13
Ipsos,2022-3-12,1653,0.5,1.5,3,12,2.5,6.5,30.5,11,1.5,1.5,16,13.5
Ipsos,2022-3-3,3599,0.5,1,4,12,2.5,7.5,30.5,11.5,1.5,1.5,14.5,13
Ipsos,2022-2-27,13651,0.5,1,4,11.5,2.5,7.5,26.5,12.5,2,1.5,15.5,15
Ipsos,2022-2-7,12499,0.5,1,3.5,9,2.5,7,24,15.5,1,1.5,15,14.5
Ipsos,2022-2-3,1535,0.5,1,3,9,3,8,24,16.5,1,2,14,14
Ipsos,2022-1-17,12542,0.5,1.5,2.5,8,3.5,7,25,15.5,1,2,15.5,13
Ipsos,2022-1-6,1500,1,1,2,9,4.5,8,26,16,1,1.5,17,12