Lepen,Hidalgo,Pecresse,Dupont-Aignan,Melenchon,Poutou,Zemmour,Lassalle,Jadot,Roussel,Arthaud,Macron,date,week_number,date_interval,Total
0,0,0,0,0,0,0,0,0,0,0,0,2021-09-01 02:00:00,35,from 2021-09-01 to 2021-09-08,0
1,1,0,0,1,0,0,0,0,0,0,3,2021-09-02 02:00:00,35,from 2021-09-02 to 2021-09-09,6
2,1,2,0,1,0,0,0,0,1,0,11,2021-09-03 02:00:00,35,from 2021-09-03 to 2021-09-10,18
3,1,2,0,1,0,1,0,0,1,0,16,2021-09-04 02:00:00,35,from 2021-09-04 to 2021-09-11,25
3,1,3,0,1,0,1,0,0,1,0,16,2021-09-05 02:00:00,35,from 2021-09-05 to 2021-09-12,26
3,1,3,0,1,0,1,0,0,1,0,19,2021-09-06 02:00:00,36,from 2021-09-06 to 2021-09-13,29
3,1,3,0,2,0,1,0,0,1,0,20,2021-09-07 02:00:00,36,from 2021-09-07 to 2021-09-14,31
3,1,3,0,3,0,1,0,0,1,0,21,2021-09-08 02:00:00,36,from 2021-09-08 to 2021-09-15,33
2,1,3,0,2,0,5,0,0,1,0,19,2021-09-09 02:00:00,36,from 2021-09-09 to 2021-09-16,33
1,2,1,0,2,0,6,0,0,0,0,11,2021-09-10 02:00:00,36,from 2021-09-10 to 2021-09-17,23
0,2,2,0,2,0,5,0,0,0,0,6,2021-09-11 02:00:00,36,from 2021-09-11 to 2021-09-18,17
1,3,1,0,2,0,5,0,0,0,0,8,2021-09-12 02:00:00,36,from 2021-09-12 to 2021-09-19,20
1,8,1,0,2,0,6,0,0,0,0,7,2021-09-13 02:00:00,37,from 2021-09-13 to 2021-09-20,25
2,9,1,0,1,0,10,0,0,0,0,7,2021-09-14 02:00:00,37,from 2021-09-14 to 2021-09-21,30
6,10,1,0,0,0,16,0,0,0,0,11,2021-09-15 02:00:00,37,from 2021-09-15 to 2021-09-22,44
7,9,1,0,0,0,14,0,0,0,0,15,2021-09-16 02:00:00,37,from 2021-09-16 to 2021-09-23,46
8,10,1,0,0,0,14,0,0,0,0,21,2021-09-17 02:00:00,37,from 2021-09-17 to 2021-09-24,54
8,11,0,0,0,0,15,0,0,0,0,23,2021-09-18 02:00:00,37,from 2021-09-18 to 2021-09-25,57
7,10,0,0,0,0,16,0,0,0,0,24,2021-09-19 02:00:00,37,from 2021-09-19 to 2021-09-26,57
7,6,0,0,3,0,19,0,4,0,0,28,2021-09-20 02:00:00,38,from 2021-09-20 to 2021-09-27,67
7,5,0,0,4,0,21,0,4,0,0,29,2021-09-21 02:00:00,38,from 2021-09-21 to 2021-09-28,70
3,5,0,0,5,0,18,0,4,1,0,25,2021-09-22 02:00:00,38,from 2021-09-22 to 2021-09-29,61
3,7,1,0,6,0,18,0,4,1,0,27,2021-09-23 02:00:00,38,from 2021-09-23 to 2021-09-30,67
2,6,1,0,7,0,22,0,4,1,0,25,2021-09-24 02:00:00,38,from 2021-09-24 to 2021-10-01,68
2,5,1,0,11,0,25,0,5,1,0,25,2021-09-25 02:00:00,38,from 2021-09-25 to 2021-10-02,75
2,5,1,0,13,0,29,0,5,1,0,25,2021-09-26 02:00:00,38,from 2021-09-26 to 2021-10-03,81
2,4,1,0,10,0,29,0,1,1,0,21,2021-09-27 02:00:00,39,from 2021-09-27 to 2021-10-04,69
1,6,1,0,9,0,27,0,1,1,0,30,2021-09-28 02:00:00,39,from 2021-09-28 to 2021-10-05,76
1,5,2,0,8,0,26,0,2,1,0,33,2021-09-29 02:00:00,39,from 2021-09-29 to 2021-10-06,78
2,3,1,0,8,0,27,0,3,1,0,27,2021-09-30 02:00:00,39,from 2021-09-30 to 2021-10-07,72
2,3,1,0,7,0,23,0,3,1,0,24,2021-10-01 02:00:00,39,from 2021-10-01 to 2021-10-08,64
2,3,1,0,3,0,21,0,2,1,0,24,2021-10-02 02:00:00,39,from 2021-10-02 to 2021-10-09,57
4,3,1,0,2,0,21,0,2,1,0,23,2021-10-03 02:00:00,39,from 2021-10-03 to 2021-10-10,57
4,3,1,0,3,0,17,0,3,1,0,22,2021-10-04 02:00:00,40,from 2021-10-04 to 2021-10-11,54
4,1,1,0,3,0,14,0,4,1,0,12,2021-10-05 02:00:00,40,from 2021-10-05 to 2021-10-12,40
4,2,0,0,4,0,14,0,3,1,0,10,2021-10-06 02:00:00,40,from 2021-10-06 to 2021-10-13,38
5,2,0,0,3,1,24,0,2,1,0,12,2021-10-07 02:00:00,40,from 2021-10-07 to 2021-10-14,50
5,2,0,0,4,1,26,0,2,1,0,13,2021-10-08 02:00:00,40,from 2021-10-08 to 2021-10-15,54
5,2,0,0,4,1,26,0,2,1,0,12,2021-10-09 02:00:00,40,from 2021-10-09 to 2021-10-16,53
3,2,0,0,3,1,22,0,2,1,0,12,2021-10-10 02:00:00,40,from 2021-10-10 to 2021-10-17,46
3,2,0,0,2,1,23,0,1,2,0,13,2021-10-11 02:00:00,41,from 2021-10-11 to 2021-10-18,47
3,2,0,0,2,1,23,0,0,2,0,15,2021-10-12 02:00:00,41,from 2021-10-12 to 2021-10-19,48
3,2,0,0,2,1,23,0,0,1,0,19,2021-10-13 02:00:00,41,from 2021-10-13 to 2021-10-20,51
0,2,0,0,2,0,12,0,0,1,0,19,2021-10-14 02:00:00,41,from 2021-10-14 to 2021-10-21,36
1,1,0,0,1,1,11,0,1,1,0,19,2021-10-15 02:00:00,41,from 2021-10-15 to 2021-10-22,36
2,4,0,0,1,1,11,0,1,1,0,21,2021-10-16 02:00:00,41,from 2021-10-16 to 2021-10-23,42
2,4,0,0,1,1,12,0,1,1,0,21,2021-10-17 02:00:00,41,from 2021-10-17 to 2021-10-24,43
2,4,0,0,3,1,11,0,1,0,0,22,2021-10-18 02:00:00,42,from 2021-10-18 to 2021-10-25,44
2,4,1,0,3,1,13,0,2,1,0,22,2021-10-19 02:00:00,42,from 2021-10-19 to 2021-10-26,49
2,3,1,0,3,1,13,0,2,1,0,17,2021-10-20 02:00:00,42,from 2021-10-20 to 2021-10-27,43
2,3,1,0,4,1,16,0,2,1,0,16,2021-10-21 02:00:00,42,from 2021-10-21 to 2021-10-28,46
1,4,1,0,4,0,21,0,1,1,0,14,2021-10-22 02:00:00,42,from 2021-10-22 to 2021-10-29,47
0,1,1,0,4,0,19,0,1,1,0,12,2021-10-23 02:00:00,42,from 2021-10-23 to 2021-10-30,39
0,3,1,0,4,0,18,0,1,1,0,12,2021-10-24 02:00:00,42,from 2021-10-24 to 2021-10-31,40
0,3,1,0,2,0,21,0,1,1,0,9,2021-10-25 02:00:00,43,from 2021-10-25 to 2021-11-01,38
1,4,0,0,2,1,20,0,1,0,0,7,2021-10-26 02:00:00,43,from 2021-10-26 to 2021-11-02,36
2,4,1,0,1,1,22,0,1,0,0,6,2021-10-27 02:00:00,43,from 2021-10-27 to 2021-11-03,38
4,4,1,0,2,1,20,0,2,1,0,7,2021-10-28 02:00:00,43,from 2021-10-28 to 2021-11-04,42
4,5,1,0,2,1,13,0,2,1,0,8,2021-10-29 02:00:00,43,from 2021-10-29 to 2021-11-05,37
4,5,1,0,4,1,17,0,3,2,0,9,2021-10-30 02:00:00,43,from 2021-10-30 to 2021-11-06,46
4,4,1,0,4,1,17,0,3,2,0,10,2021-10-31 02:00:00,43,from 2021-10-31 to 2021-11-07,46
4,4,1,0,4,1,16,0,3,3,0,12,2021-11-01 02:00:00,44,from 2021-11-01 to 2021-11-08,48
3,4,1,0,4,0,14,0,2,4,0,14,2021-11-02 02:00:00,44,from 2021-11-02 to 2021-11-09,46
2,4,0,0,4,0,13,0,2,4,0,21,2021-11-03 02:00:00,44,from 2021-11-03 to 2021-11-10,50
0,4,0,0,2,0,12,0,1,3,0,19,2021-11-04 02:00:00,44,from 2021-11-04 to 2021-11-11,41
0,2,0,0,2,0,12,0,1,3,0,23,2021-11-05 02:00:00,44,from 2021-11-05 to 2021-11-12,43
0,2,0,0,1,0,8,0,0,2,0,23,2021-11-06 02:00:00,44,from 2021-11-06 to 2021-11-13,36
1,1,0,0,1,0,8,0,0,2,0,21,2021-11-07 02:00:00,44,from 2021-11-07 to 2021-11-14,34
1,1,0,0,2,0,8,0,0,1,0,21,2021-11-08 02:00:00,45,from 2021-11-08 to 2021-11-15,34
2,0,0,0,2,0,9,0,0,0,0,19,2021-11-09 02:00:00,45,from 2021-11-09 to 2021-11-16,32
3,1,0,0,3,0,7,1,0,0,0,19,2021-11-10 02:00:00,45,from 2021-11-10 to 2021-11-17,34
3,1,0,0,3,0,5,1,0,2,0,18,2021-11-11 02:00:00,45,from 2021-11-11 to 2021-11-18,33
3,1,0,0,3,0,5,1,0,2,0,14,2021-11-12 02:00:00,45,from 2021-11-12 to 2021-11-19,29
3,1,0,0,2,0,7,1,0,2,0,12,2021-11-13 02:00:00,45,from 2021-11-13 to 2021-11-20,28
2,1,0,0,2,0,8,1,0,2,0,12,2021-11-14 02:00:00,45,from 2021-11-14 to 2021-11-21,28
3,1,0,0,1,0,7,1,0,2,0,12,2021-11-15 02:00:00,46,from 2021-11-15 to 2021-11-22,27
2,1,0,0,1,0,6,1,0,2,0,16,2021-11-16 02:00:00,46,from 2021-11-16 to 2021-11-23,29
1,0,0,0,1,0,7,0,1,2,0,15,2021-11-17 02:00:00,46,from 2021-11-17 to 2021-11-24,27
1,0,0,0,1,0,7,0,1,0,0,19,2021-11-18 02:00:00,46,from 2021-11-18 to 2021-11-25,29
1,1,0,0,1,0,8,0,1,0,0,27,2021-11-19 02:00:00,46,from 2021-11-19 to 2021-11-26,39
1,1,0,0,1,0,7,0,2,1,0,28,2021-11-20 02:00:00,46,from 2021-11-20 to 2021-11-27,41
1,2,0,0,1,0,5,0,2,1,0,29,2021-11-21 02:00:00,46,from 2021-11-21 to 2021-11-28,41
1,2,0,0,1,0,4,0,2,1,0,28,2021-11-22 02:00:00,47,from 2021-11-22 to 2021-11-29,39
1,3,0,0,2,0,5,0,2,1,0,26,2021-11-23 02:00:00,47,from 2021-11-23 to 2021-11-30,40
2,3,0,0,1,0,5,0,1,1,0,23,2021-11-24 02:00:00,47,from 2021-11-24 to 2021-12-01,36
2,3,0,0,2,0,6,0,1,1,0,19,2021-11-25 02:00:00,47,from 2021-11-25 to 2021-12-02,34
3,2,0,0,3,0,6,0,1,1,0,11,2021-11-26 02:00:00,47,from 2021-11-26 to 2021-12-03,27
3,2,0,0,4,0,9,0,0,0,0,11,2021-11-27 02:00:00,47,from 2021-11-27 to 2021-12-04,29
3,2,0,0,6,0,13,0,0,0,0,9,2021-11-28 02:00:00,47,from 2021-11-28 to 2021-12-05,33
3,2,0,0,6,0,15,0,0,0,0,8,2021-11-29 02:00:00,48,from 2021-11-29 to 2021-12-06,34
3,1,0,0,5,0,17,0,0,0,0,5,2021-11-30 02:00:00,48,from 2021-11-30 to 2021-12-07,31
2,3,0,0,5,0,26,0,1,0,0,2,2021-12-01 02:00:00,48,from 2021-12-01 to 2021-12-08,39
2,3,0,0,4,0,29,0,1,0,0,2,2021-12-02 02:00:00,48,from 2021-12-02 to 2021-12-09,41
1,3,4,0,3,0,31,0,1,0,0,5,2021-12-03 02:00:00,48,from 2021-12-03 to 2021-12-10,48
1,3,5,0,2,0,28,0,2,0,0,8,2021-12-04 02:00:00,48,from 2021-12-04 to 2021-12-11,49
1,2,6,0,1,0,27,0,2,0,0,10,2021-12-05 02:00:00,48,from 2021-12-05 to 2021-12-12,49
0,2,7,0,1,0,33,0,2,1,0,10,2021-12-06 02:00:00,49,from 2021-12-06 to 2021-12-13,56
1,3,9,0,4,0,44,0,3,1,0,12,2021-12-07 02:00:00,49,from 2021-12-07 to 2021-12-14,77
1,1,11,0,4,0,40,1,2,1,0,14,2021-12-08 02:00:00,49,from 2021-12-08 to 2021-12-15,75
1,5,12,0,5,0,41,1,2,1,0,16,2021-12-09 02:00:00,49,from 2021-12-09 to 2021-12-16,84
1,7,9,0,5,0,41,1,3,1,0,16,2021-12-10 02:00:00,49,from 2021-12-10 to 2021-12-17,84
1,9,11,0,6,0,42,1,3,1,0,14,2021-12-11 02:00:00,49,from 2021-12-11 to 2021-12-18,88
1,9,10,0,5,0,41,1,3,1,0,12,2021-12-12 02:00:00,49,from 2021-12-12 to 2021-12-19,83
1,10,10,0,7,0,33,1,3,0,0,15,2021-12-13 02:00:00,50,from 2021-12-13 to 2021-12-20,80
0,10,9,0,5,0,20,1,3,0,0,14,2021-12-14 02:00:00,50,from 2021-12-14 to 2021-12-21,62
0,11,8,0,5,0,15,0,3,0,0,16,2021-12-15 02:00:00,50,from 2021-12-15 to 2021-12-22,58
2,7,7,0,4,0,13,0,3,0,0,17,2021-12-16 02:00:00,50,from 2021-12-16 to 2021-12-23,53
2,5,7,0,5,0,10,0,2,0,0,19,2021-12-17 02:00:00,50,from 2021-12-17 to 2021-12-24,50
2,3,4,0,4,0,10,0,2,0,0,18,2021-12-18 02:00:00,50,from 2021-12-18 to 2021-12-25,43
2,3,4,0,4,0,10,0,2,0,0,19,2021-12-19 02:00:00,50,from 2021-12-19 to 2021-12-26,44
2,3,3,0,2,0,10,0,2,0,0,18,2021-12-20 02:00:00,51,from 2021-12-20 to 2021-12-27,40
2,2,2,2,1,0,13,0,1,0,0,21,2021-12-21 02:00:00,51,from 2021-12-21 to 2021-12-28,44
2,1,1,2,1,0,12,0,2,0,0,18,2021-12-22 02:00:00,51,from 2021-12-22 to 2021-12-29,39
0,1,1,2,1,0,10,0,2,0,0,15,2021-12-23 02:00:00,51,from 2021-12-23 to 2021-12-30,32
0,3,0,2,0,0,11,0,2,0,0,10,2021-12-24 02:00:00,51,from 2021-12-24 to 2021-12-31,28
2,3,0,2,1,0,11,0,1,0,0,10,2021-12-25 02:00:00,51,from 2021-12-25 to 2022-01-01,30
2,3,0,2,1,0,9,0,1,0,0,9,2021-12-26 02:00:00,51,from 2021-12-26 to 2022-01-02,27
2,2,0,2,3,0,12,0,1,0,0,7,2021-12-27 02:00:00,52,from 2021-12-27 to 2022-01-03,29
2,2,0,0,3,0,8,0,1,0,0,3,2021-12-28 02:00:00,52,from 2021-12-28 to 2022-01-04,19
2,2,0,0,4,0,8,0,0,0,0,2,2021-12-29 02:00:00,52,from 2021-12-29 to 2022-01-05,18
2,2,0,0,4,0,7,0,0,0,0,4,2021-12-30 02:00:00,52,from 2021-12-30 to 2022-01-06,19
2,0,0,0,4,0,7,0,0,0,0,5,2021-12-31 02:00:00,52,from 2021-12-31 to 2022-01-07,18
0,0,0,0,4,0,5,0,0,0,0,4,2022-01-01 02:00:00,52,from 2022-01-01 to 2022-01-08,13
0,0,0,0,4,0,5,0,0,0,0,6,2022-01-02 02:00:00,52,from 2022-01-02 to 2022-01-09,15
1,0,0,0,2,0,3,0,0,0,0,9,2022-01-03 02:00:00,01,from 2022-01-03 to 2022-01-10,15
1,0,1,0,4,0,3,0,0,0,0,10,2022-01-04 02:00:00,01,from 2022-01-04 to 2022-01-11,19
1,0,2,0,3,0,2,0,0,0,0,17,2022-01-05 02:00:00,01,from 2022-01-05 to 2022-01-12,25
1,0,2,0,6,0,3,0,0,0,0,23,2022-01-06 02:00:00,01,from 2022-01-06 to 2022-01-13,35
1,0,3,0,8,0,3,0,0,0,0,26,2022-01-07 02:00:00,01,from 2022-01-07 to 2022-01-14,41
1,0,3,0,8,0,3,0,0,0,0,30,2022-01-08 02:00:00,01,from 2022-01-08 to 2022-01-15,45
1,0,5,0,8,0,3,0,0,0,0,32,2022-01-09 02:00:00,01,from 2022-01-09 to 2022-01-16,49
0,0,5,0,9,0,4,0,0,0,0,29,2022-01-10 02:00:00,02,from 2022-01-10 to 2022-01-17,47
0,0,5,0,8,0,7,0,0,3,0,33,2022-01-11 02:00:00,02,from 2022-01-11 to 2022-01-18,56
0,0,7,0,11,0,7,0,0,3,0,26,2022-01-12 02:00:00,02,from 2022-01-12 to 2022-01-19,54
0,1,9,0,8,0,10,0,0,5,0,22,2022-01-13 02:00:00,02,from 2022-01-13 to 2022-01-20,55
0,2,9,0,6,0,11,0,0,7,0,19,2022-01-14 02:00:00,02,from 2022-01-14 to 2022-01-21,54
1,3,9,0,5,1,15,1,0,8,0,22,2022-01-15 02:00:00,02,from 2022-01-15 to 2022-01-22,65
1,3,7,0,6,1,17,1,0,8,0,21,2022-01-16 02:00:00,02,from 2022-01-16 to 2022-01-23,65
1,4,8,0,9,1,16,1,1,8,0,25,2022-01-17 02:00:00,03,from 2022-01-17 to 2022-01-24,74
2,4,7,0,16,1,15,1,1,5,0,21,2022-01-18 02:00:00,03,from 2022-01-18 to 2022-01-25,73
2,5,6,0,14,1,17,1,1,6,0,22,2022-01-19 02:00:00,03,from 2022-01-19 to 2022-01-26,75
2,4,4,0,15,1,15,1,1,4,0,23,2022-01-20 02:00:00,03,from 2022-01-20 to 2022-01-27,70
2,4,3,0,15,1,17,1,1,2,0,24,2022-01-21 02:00:00,03,from 2022-01-21 to 2022-01-28,70
1,3,3,0,16,0,15,0,1,3,0,19,2022-01-22 02:00:00,03,from 2022-01-22 to 2022-01-29,61
1,4,3,0,18,0,14,0,2,5,0,19,2022-01-23 02:00:00,03,from 2022-01-23 to 2022-01-30,66
1,4,2,2,14,0,18,0,2,5,0,21,2022-01-24 02:00:00,04,from 2022-01-24 to 2022-01-31,69
0,5,2,2,7,0,17,0,2,6,0,24,2022-01-25 02:00:00,04,from 2022-01-25 to 2022-02-01,65
0,4,1,2,6,0,16,0,2,6,0,27,2022-01-26 02:00:00,04,from 2022-01-26 to 2022-02-02,64
0,4,1,2,6,0,18,0,2,6,0,25,2022-01-27 02:00:00,04,from 2022-01-27 to 2022-02-03,64
0,3,1,2,9,0,17,0,3,6,0,24,2022-01-28 02:00:00,04,from 2022-01-28 to 2022-02-04,65
0,3,1,2,11,0,20,0,4,6,0,25,2022-01-29 02:00:00,04,from 2022-01-29 to 2022-02-05,72
0,3,2,2,9,0,20,0,3,4,0,24,2022-01-30 02:00:00,04,from 2022-01-30 to 2022-02-06,67
0,2,3,0,10,0,16,0,3,4,0,23,2022-01-31 02:00:00,05,from 2022-01-31 to 2022-02-07,61
0,1,4,0,10,0,16,0,4,4,0,23,2022-02-01 02:00:00,05,from 2022-02-01 to 2022-02-08,62
0,1,3,0,10,0,18,0,4,5,0,22,2022-02-02 02:00:00,05,from 2022-02-02 to 2022-02-09,63
4,1,5,0,10,0,17,0,4,10,1,23,2022-02-03 02:00:00,05,from 2022-02-03 to 2022-02-10,75
6,2,7,0,8,0,24,1,3,10,1,23,2022-02-04 02:00:00,05,from 2022-02-04 to 2022-02-11,85
9,3,7,0,5,0,24,1,2,9,1,23,2022-02-05 02:00:00,05,from 2022-02-05 to 2022-02-12,84
11,2,6,0,4,0,23,1,2,11,1,22,2022-02-06 02:00:00,05,from 2022-02-06 to 2022-02-13,83
11,2,5,0,4,0,23,1,1,13,1,21,2022-02-07 02:00:00,06,from 2022-02-07 to 2022-02-14,82
11,2,4,0,4,0,23,1,0,17,1,21,2022-02-08 02:00:00,06,from 2022-02-08 to 2022-02-15,84
11,2,4,0,4,0,23,1,3,18,1,28,2022-02-09 02:00:00,06,from 2022-02-09 to 2022-02-16,95
7,3,3,0,3,0,21,1,3,13,1,27,2022-02-10 02:00:00,06,from 2022-02-10 to 2022-02-17,82
5,2,2,0,4,0,14,0,3,13,1,33,2022-02-11 02:00:00,06,from 2022-02-11 to 2022-02-18,77
2,1,3,0,6,0,10,0,4,13,1,39,2022-02-12 02:00:00,06,from 2022-02-12 to 2022-02-19,79
0,1,3,0,6,0,11,0,5,11,1,41,2022-02-13 02:00:00,06,from 2022-02-13 to 2022-02-20,79
0,1,9,0,6,0,13,0,6,9,1,43,2022-02-14 02:00:00,07,from 2022-02-14 to 2022-02-21,88
0,1,12,0,9,0,15,0,9,5,1,42,2022-02-15 02:00:00,07,from 2022-02-15 to 2022-02-22,94
0,1,15,0,10,1,16,0,7,6,1,40,2022-02-16 02:00:00,07,from 2022-02-16 to 2022-02-23,97
0,0,16,0,11,1,16,0,7,7,0,40,2022-02-17 02:00:00,07,from 2022-02-17 to 2022-02-24,98
1,2,20,0,9,1,16,2,9,11,0,35,2022-02-18 02:00:00,07,from 2022-02-18 to 2022-02-25,106
2,5,21,0,9,1,20,2,8,12,0,29,2022-02-19 02:00:00,07,from 2022-02-19 to 2022-02-26,109
2,5,22,0,11,1,21,2,7,12,0,30,2022-02-20 02:00:00,07,from 2022-02-20 to 2022-02-27,113
2,5,17,0,13,2,20,2,6,14,0,25,2022-02-21 02:00:00,08,from 2022-02-21 to 2022-02-28,106
4,5,16,0,9,2,21,2,3,16,0,26,2022-02-22 02:00:00,08,from 2022-02-22 to 2022-03-01,104
5,6,13,0,9,1,18,2,2,12,0,22,2022-02-23 02:00:00,08,from 2022-02-23 to 2022-03-02,90
6,6,12,0,10,1,22,2,3,11,0,19,2022-02-24 02:00:00,08,from 2022-02-24 to 2022-03-03,92
7,4,8,0,12,2,23,0,1,9,0,22,2022-02-25 02:00:00,08,from 2022-02-25 to 2022-03-04,88
9,1,7,0,15,2,21,0,1,8,0,24,2022-02-26 02:00:00,08,from 2022-02-26 to 2022-03-05,88
9,1,7,0,15,2,20,0,1,8,1,23,2022-02-27 02:00:00,08,from 2022-02-27 to 2022-03-06,87
9,1,6,0,15,1,18,0,1,6,1,30,2022-02-28 02:00:00,09,from 2022-02-28 to 2022-03-07,88
8,1,5,0,19,1,17,0,1,3,1,30,2022-03-01 02:00:00,09,from 2022-03-01 to 2022-03-08,86
11,0,6,1,19,1,18,0,2,3,1,27,2022-03-02 02:00:00,09,from 2022-03-02 to 2022-03-09,89
10,0,5,1,18,2,18,0,1,3,1,37,2022-03-03 02:00:00,09,from 2022-03-03 to 2022-03-10,96
8,0,4,1,18,2,15,0,6,1,1,45,2022-03-04 02:00:00,09,from 2022-03-04 to 2022-03-11,101
5,0,3,1,14,2,13,0,7,1,1,47,2022-03-05 02:00:00,09,from 2022-03-05 to 2022-03-12,94
5,0,2,1,13,2,14,0,8,2,0,47,2022-03-06 02:00:00,09,from 2022-03-06 to 2022-03-13,94
7,0,2,1,12,2,18,0,8,2,0,45,2022-03-07 02:00:00,10,from 2022-03-07 to 2022-03-14,97
6,2,1,1,9,3,17,0,9,2,0,53,2022-03-08 02:00:00,10,from 2022-03-08 to 2022-03-15,103
4,2,1,0,10,4,16,0,8,2,0,59,2022-03-09 02:00:00,10,from 2022-03-09 to 2022-03-16,106
5,3,2,0,12,3,14,0,8,2,0,54,2022-03-10 02:00:00,10,from 2022-03-10 to 2022-03-17,103
5,3,3,0,12,2,19,0,3,3,1,47,2022-03-11 02:00:00,10,from 2022-03-11 to 2022-03-18,98
5,3,3,0,12,3,18,1,2,4,1,51,2022-03-12 02:00:00,10,from 2022-03-12 to 2022-03-19,103
6,4,3,0,12,3,20,1,1,3,1,50,2022-03-13 02:00:00,10,from 2022-03-13 to 2022-03-20,104
6,4,3,0,14,4,21,1,2,3,1,46,2022-03-14 02:00:00,11,from 2022-03-14 to 2022-03-21,105
6,3,3,0,14,3,20,1,1,4,1,38,2022-03-15 02:00:00,11,from 2022-03-15 to 2022-03-22,94
4,3,2,0,14,5,19,4,2,4,2,34,2022-03-16 02:00:00,11,from 2022-03-16 to 2022-03-23,93
4,2,4,0,14,5,18,5,4,4,2,34,2022-03-17 02:00:00,11,from 2022-03-17 to 2022-03-24,96
5,2,3,0,14,5,14,6,5,3,1,37,2022-03-18 02:00:00,11,from 2022-03-18 to 2022-03-25,95
5,2,4,0,13,5,14,7,5,1,1,37,2022-03-19 02:00:00,11,from 2022-03-19 to 2022-03-26,94
5,2,5,0,15,8,12,8,6,4,2,41,2022-03-20 02:00:00,11,from 2022-03-20 to 2022-03-27,108
3,2,6,0,12,7,8,8,6,4,2,41,2022-03-21 02:00:00,12,from 2022-03-21 to 2022-03-28,99
3,1,6,0,12,8,9,8,6,5,2,39,2022-03-22 02:00:00,12,from 2022-03-22 to 2022-03-29,99
5,1,6,0,11,5,14,6,6,10,1,41,2022-03-23 02:00:00,12,from 2022-03-23 to 2022-03-30,106
4,1,4,0,10,5,12,6,4,13,1,42,2022-03-24 02:00:00,12,from 2022-03-24 to 2022-03-31,102
5,2,4,0,14,5,12,5,3,13,1,40,2022-03-25 02:00:00,12,from 2022-03-25 to 2022-04-01,104
7,2,3,0,20,4,13,3,3,15,1,35,2022-03-26 02:00:00,12,from 2022-03-26 to 2022-04-02,106
7,1,2,0,18,1,11,2,2,12,0,30,2022-03-27 02:00:00,12,from 2022-03-27 to 2022-04-03,86
9,2,1,0,18,1,13,2,1,12,0,31,2022-03-28 02:00:00,13,from 2022-03-28 to 2022-04-04,90
10,2,1,0,17,2,15,2,2,10,1,37,2022-03-29 02:00:00,13,from 2022-03-29 to 2022-04-05,99
9,3,4,0,21,2,15,2,2,5,1,40,2022-03-30 02:00:00,13,from 2022-03-30 to 2022-04-06,104
14,3,3,0,24,2,16,2,2,2,1,40,2022-03-31 02:00:00,13,from 2022-03-31 to 2022-04-07,109
14,3,4,1,21,2,17,2,2,2,2,35,2022-04-01 02:00:00,13,from 2022-04-01 to 2022-04-08,105
13,3,5,1,15,3,18,4,3,0,2,33,2022-04-02 02:00:00,13,from 2022-04-02 to 2022-04-09,100
14,3,5,1,14,4,19,4,3,0,2,39,2022-04-03 02:00:00,13,from 2022-04-03 to 2022-04-10,108
14,3,6,1,15,4,18,5,3,0,2,46,2022-04-04 02:00:00,14,from 2022-04-04 to 2022-04-11,117
17,3,7,1,24,2,16,5,4,2,1,43,2022-04-05 02:00:00,14,from 2022-04-05 to 2022-04-12,125
23,2,4,1,26,2,14,4,3,3,1,49,2022-04-06 02:00:00,14,from 2022-04-06 to 2022-04-13,132
20,3,5,1,24,6,15,4,3,3,1,50,2022-04-07 02:00:00,14,from 2022-04-07 to 2022-04-14,135
23,3,5,2,27,7,13,4,5,3,1,58,2022-04-08 02:00:00,14,from 2022-04-08 to 2022-04-15,151
29,3,7,3,32,6,13,3,4,3,1,65,2022-04-09 02:00:00,14,from 2022-04-09 to 2022-04-16,169
33,3,8,3,34,5,12,3,4,3,1,63,2022-04-10 02:00:00,14,from 2022-04-10 to 2022-04-17,172
38,3,9,3,35,5,11,4,4,3,2,60,2022-04-11 02:00:00,15,from 2022-04-11 to 2022-04-18,177
47,5,12,3,39,5,12,4,6,7,2,72,2022-04-12 02:00:00,15,from 2022-04-12 to 2022-04-19,214
57,5,14,3,40,5,11,6,7,6,2,79,2022-04-13 02:00:00,15,from 2022-04-13 to 2022-04-20,235
82,4,16,3,39,4,9,5,8,6,2,96,2022-04-14 02:00:00,15,from 2022-04-14 to 2022-04-21,274
91,3,19,1,35,4,8,7,6,7,1,93,2022-04-15 02:00:00,15,from 2022-04-15 to 2022-04-22,275
95,3,16,0,33,4,6,7,6,7,1,92,2022-04-16 02:00:00,15,from 2022-04-16 to 2022-04-23,270
97,4,17,0,33,4,6,8,7,7,1,93,2022-04-17 02:00:00,15,from 2022-04-17 to 2022-04-24,277
101,3,15,0,33,4,5,6,7,7,0,90,2022-04-18 02:00:00,16,from 2022-04-18 to 2022-04-25,271
95,1,11,0,22,4,3,6,4,1,0,81,2022-04-19 02:00:00,16,from 2022-04-19 to 2022-04-26,228
